{
  "Component-preload.js": 1714560636441,
  "model/models.js": 1714557010898,
  "manifest.json": 1714560636332,
  "controller/View1.controller.js": 1714557010906,
  "controller/App.controller.js": 1714557010902,
  "Component.js": 1714557010894,
  "i18n/i18n.properties": 1714557010894,
  "controller/View1-dbg.controller.js": 1714557010906,
  "model/models-dbg.js": 1714557010898,
  "controller/App-dbg.controller.js": 1714557010902,
  "Component-dbg.js": 1714557010894,
  "view/View1.view.xml": 1714557066513,
  "view/App.view.xml": 1714557010902,
  "css/style.css": 1714557010902,
  "index.html": 1714557010894
}