{
  "controller/App-dbg.controller.js": 1714571802817,
  "controller/View1.controller.js": 1714571802817,
  "model/models.js": 1714571802821,
  "manifest.json": 1714725838112,
  "controller/App.controller.js": 1714571802817,
  "Component.js": 1714571802817,
  "Component-preload.js": 1714725838232,
  "controller/View1-dbg.controller.js": 1714571802817,
  "model/models-dbg.js": 1714571802821,
  "i18n/i18n.properties": 1714571802817,
  "Component-dbg.js": 1714571802817,
  "view/View1.view.xml": 1714571802821,
  "view/App.view.xml": 1714571802821,
  "css/style.css": 1714571802817,
  "index.html": 1714571802817
}